episode,total_reward,avg_reward,loss,epsilon,timesteps
1,-1074.3121,-0.2679082627902899,,,4010
2,697.88586,2.4835795881060942,,,281
3,-661.72046,-0.1993133912603539,,,3320
4,303.33597,4.666707200270433,,,65
5,343.7281,5.54400142546623,,,62
6,-1202.9996,-0.2999999086755767,,,4010
7,-1239.6797,-0.3091470542394015,,,4010
8,-1242.9794,-0.30996991773495947,,,4010
9,334.31195,5.065332586115057,,,66
