episode,total_reward,avg_reward,loss,epsilon,timesteps
1,672.6745,2.9896644422743055,,,225
2,893.635,5.165520287662572,,,173
3,267.5,6.6875,,,40
