episode,total_reward,avg_reward,loss,epsilon,timesteps
1,-1074.3121,-0.2679082627902899,,,4010
2,697.88586,2.4835795881060942,,,281
3,-661.72046,-0.1993133912603539,,,3320
4,303.33597,4.666707200270433,,,65
5,343.7281,5.54400142546623,,,62
